<doc>
	<linked_relations>
		<relation_pair alignment_score="1111.85">
			<relation RelID="DR64" TalkID="talk_1978" Language="en" Type="Explicit" Sense="Contingency:Cause:Reason">
				<Arg1>I stayed</Arg1>
				<Arg2>I realized I was witnessing whats so rare to glimpse, that difference between success and mastery</Arg2>
				<Conn>because</Conn>
			</relation>
			<relation RelID="DR58" TalkID="talk_1978" Language="tr" Type="Explicit" Sense="Contingency:Cause:Reason">
				<Arg1>orada kaldım</Arg1>
				<Arg2>çok nadir olarak görülecek bir şeye tanıklık ettiğimi anladım, başarı ve ustalık arasındaki o farka</Arg2>
				<Conn>çünkü</Conn>
			</relation>
		</relation_pair>
	</linked_relations>
	<non_paired_relations>
		<relation RelID="DR16" TalkID="talk_1978" Language="en" Type="Implicit" Sense="Expansion:Level-of-detail:Arg2-as-detail">
			<Arg1>this is the thing</Arg1>
			<Arg2>What gets us to convert success into mastery</Arg2>
			<Conn>actually</Conn>
		</relation>
	</non_paired_relations>
</doc>